"","cluster_ids"
"ATGCCAGAACGACT","1"
"CATGGCCTGTGCAT","1"
"GAACCTGATGAACC","1"
"TGACTGGATTCTCA","1"
"AGTCAGACTGCACA","1"
"TCTGATACACGTGT","1"
"TGGTATCTAAACAG","1"
"GCAGCTCTGTTTCT","1"
"GATATAACACGCAT","1"
"AATGTTGACAGTCA","1"
"AGGTCATGAGTGTC","0"
"AGAGATGATCTCGC","0"
"GGGTAACTCTAGTG","0"
"CATGAGACACGGGA","0"
"TACGCCACTCCGAA","0"
"CTAAACCTGTGCAT","0"
"GTAAGCACTCATTC","0"
"TTGGTACTGAATCC","0"
"CATCATACGGAGCA","0"
"TACATCACGCTAAC","0"
"TTACCATGAATCGC","0"
"ATAGGAGAAACAGA","0"
"GCGCACGACTTTAC","0"
"ACTCGCACGAAAGT","0"
"ATTACCTGCCTTAT","0"
"CCCAACTGCAATCG","0"
"AAATTCGAATCACG","0"
"CCATCCGATTCGCC","0"
"TCCACTCTGAGCTT","0"
"CATCAGGATGCACA","0"
"CTAAACCTCTGACA","1"
"GATAGAGAAGGGTG","1"
"CTAACGGAACCGAT","1"
"AGATATACCCGTAA","1"
"TACTCTGAATCGAC","1"
"GCGCATCTTGCTCC","1"
"GTTGACGATATCGG","1"
"ACAGGTACTGGTGT","1"
"GGCATATGCTTATC","1"
"CATTACACCAACTG","1"
"TAGGGACTGAACTC","1"
"GCTCCATGAGAAGT","1"
"TACAATGATGCTAG","1"
"CTTCATGACCGAAT","1"
"CTGCCAACAGGAGC","1"
"TTGCATTGAGCTAC","1"
"AAGCAAGAGCTTAG","1"
"CGGCACGAACTCAG","1"
"GGTGGAGATTACTC","1"
"GGCCGATGTACTCT","1"
"CGTAGCCTGTATGC","0"
"TGAGCTGAATGCTG","0"
"CCTATAACGAGACG","0"
"ATAAGTTGGTACGT","0"
"AAGCGACTTTGACG","0"
"ACCAGTGAATACCG","0"
"ATTGCACTTGCTTT","0"
"CTAGGTGATGGTTG","0"
"GCACTAGACCTTTA","0"
"CATGCGCTAGTCAC","0"
"TTGAGGACTACGCA","0"
"ATACCACTCTAAGC","0"
"CATATAGACTAAGC","0"
"TTTAGCTGTACTCT","0"
"GACATTCTCCACCT","0"
"ACGTGATGCCATGA","0"
"ATTGTAGATTCCCG","0"
"GATAGAGATCACGA","0"
"AATGCGTGGACGGA","0"
"GCGTAAACACGGTT","0"
"ATTCAGCTCATTGG","0"
"GGCATATGGGGAGT","0"
"ATCATCTGACACCA","0"
"GTCATACTTCGCCT","0"
"TTACGTACGTTCAG","0"
"GAGTTGTGGTAGCT","0"
"GACGCTCTCTCTCG","0"
"AGTCTTACTTCGGA","0"
"GGAACACTTCAGAC","0"
"CTTGATTGATCTTC","0"
